captured_at,title,views,comments,likes
2026-08-02T15:34:01,オールドスパイスは日本人にも合う？香り・種類・選び方を解説,7,0,0
2026-08-02T15:34:01,会社員向け耳栓おすすめ3選｜仕事に集中したい人の選び方,6,0,0
2026-08-02T15:34:01,夏の通勤向け速乾インナーの選び方｜男性会社員向けおすすめ商品を比較,6,0,0
2026-08-02T15:34:01,朝シャワーと夜シャワーはどっちがいい？会社員の睡眠・清潔感・目覚めを比較,4,0,0
2026-08-02T15:34:01,汗拭きシートおすすめ｜会社員が営業・通勤で使いやすい商品を比較,4,0,0
2026-08-02T15:34:01,会社員が昼休みにできる口臭ケアの優先順位,4,0,1
2026-08-02T15:34:01,生成AIを使っても仕事が速くならない人の共通点,4,0,1
2026-08-02T15:34:01,会社員が毎日生成AIに任せられる定型業務10選,4,0,1
2026-08-02T15:34:01,部屋干しした服が臭う原因と会社員向けの対策,3,0,0
2026-08-02T15:34:01,仕事のパフォーマンスを上げる方法｜会社員が見直すべき7つの習慣,2,0,0
2026-08-02T15:34:01,会社員の口臭対策｜コーヒー・昼食後でも清潔感を保つ方法,2,0,0
2026-08-02T15:34:01,スーツやジャケットについた汗の臭いを自宅で軽減する方法,2,0,0
